[  { 
    "objectID":"a",
    "type": "CABIN",
    "title": "Warm and Cozy Cabin in the Woods",    
    "description":"Need to get away?  Then this is the cabin for you!  Nestled in a large forest right inside Vail, this spacious rustic abode offers amazing views of wildlife and nature through over 20 windows.\nIt's a great place for hiking, mountain biking, and bird watching.  In the winter, warm up in front of the wood burning fireplace with some hot chocolate from the nearby market.\nIt's the perfect spot to relax.  You can shop the local markets, take a dip in the hot tub or even wrestle a bear out back.  Whatever your pleasure, you're sure to find peace and quiet in the mountains of Vail",
    "note": "In winter it gets below -40 Fahrenheit, bring a parka.  Chains on tires are highly recommended.",
    "reviewCount": 21,
    "reviewValue": 4.93,
    "features":[
        "Coffee Maker",
        "Smoke Alarm",
        "Stove",
        "Wifi",
        "Toiletries",
        "Self Check-In",
        "Free Parking",
        "Washer",
        "Dryer",
        "Bear Traps",
        "TV",
        "Kitchen"        
    ],
    "pricePerNight": 139,    
    "location": {        
        "address": "79 Sandstone Rd",        
        "city": "Vail",
        "state": "Colorado",
        "country": "USA"
    },    
    "guests": 3,
    "bedrooms": 4,
    "beds": 3,
    "bathrooms": 2,
    "images": [
        "https://images.unsplash.com/photo-1542718610-a1d656d1884c?ixlib=rb-1.2.1&ixid=eyJhcHBfaWQiOjEyMDd9&auto=format&fit=crop&w=1950&q=80",
        "https://images.unsplash.com/photo-1514774849407-0bef2676db20?ixlib=rb-1.2.1&ixid=eyJhcHBfaWQiOjEyMDd9&auto=format&fit=crop&w=1267&q=80",
        "https://images.unsplash.com/photo-1484301548518-d0e0a5db0fc8?ixlib=rb-1.2.1&ixid=eyJhcHBfaWQiOjEyMDd9&auto=format&fit=crop&w=1350&q=80",
        "https://images.unsplash.com/photo-1501685532562-aa6846b14a0e?ixlib=rb-1.2.1&ixid=eyJhcHBfaWQiOjEyMDd9&auto=format&fit=crop&w=1350&q=80",
        "https://images.unsplash.com/photo-1585803114088-cd027272106a?ixlib=rb-1.2.1&ixid=eyJhcHBfaWQiOjEyMDd9&auto=format&fit=crop&w=1350&q=80"
    ],
    "host": {
        "name": "Megan",
        "image": "https://images.unsplash.com/photo-1487412720507-e7ab37603c6f?ixlib=rb-1.2.1&ixid=eyJhcHBfaWQiOjEyMDd9&auto=format&fit=crop&w=1351&q=80",
        "note": "Hi my name is Megan. My husband Doug and I live on an old dairy farm just outside of town. We have 5 children. Four of them are in college.\nThe fifth is in 8th grade. We are excited about getting a chance to travel.  I work for a Caterpillar Company called Solar Turbines here in Vail.\nI love to meditate, fence, and snow shoe.  Boy, this is a whole lot of filler text, my fingers are getting tired.  Anyway, I hope your stay with us is a pleasant one.  We strive to provide top notch service as a budget prices.",
        "reviewCount": 2,
        "reviewValue": 4.98,
        "joined": "2020-10-31T01:26:49+0000"
    },
    "_geoloc": {
        "lat": 39.605290,
        "lng": -106.357319        
      }
},{ 
    "objectID":"b",
    "type": "CABIN",
    "title": "Rustic Piney Lodge Nestled in the Foothills",    
    "description":"Need to get away?  Then this is the cabin for you!  Nestled in a large forest right inside Vail, this spacious rustic abode offers amazing views of wildlife and nature through over 20 windows.\nIt's a great place for hiking, mountain biking, and bird watching.  In the winter, warm up in front of the wood burning fireplace with some hot chocolate from the nearby market.\nIt's the perfect spot to relax.  You can shop the local markets, take a dip in the hot tub or even wrestle a bear out back.  Whatever your pleasure, you're sure to find peace and quiet in the mountains of Vail",
    "note": "In winter it gets below -40 Fahrenheit, bring a parka.  Chains on tires are highly recommended.",
    "reviewCount": 56,
    "reviewValue": 4.82,
    "features":[
        "Coffee Maker",
        "Smoke Alarm",
        "Stove",
        "Toiletries",
        "Self Check-In",
        "Free Parking",
        "Washer",
        "Dryer",
        "Kitchen"        
    ],
    "pricePerNight": 219,    
    "location": {        
        "address": "521 E Lionshead Circle",        
        "city": "Vail",
        "state": "Colorado",
        "country": "USA"
    },    
    "guests": 4,
    "bedrooms": 2,
    "beds": 4,
    "bathrooms": 1,
    "images": [
        "https://images.unsplash.com/photo-1514774849407-0bef2676db20?ixlib=rb-1.2.1&ixid=eyJhcHBfaWQiOjEyMDd9&auto=format&fit=crop&w=1267&q=80",
        "https://images.unsplash.com/photo-1484301548518-d0e0a5db0fc8?ixlib=rb-1.2.1&ixid=eyJhcHBfaWQiOjEyMDd9&auto=format&fit=crop&w=1350&q=80",
        "https://images.unsplash.com/photo-1501685532562-aa6846b14a0e?ixlib=rb-1.2.1&ixid=eyJhcHBfaWQiOjEyMDd9&auto=format&fit=crop&w=1350&q=80",
        "https://images.unsplash.com/photo-1585803114088-cd027272106a?ixlib=rb-1.2.1&ixid=eyJhcHBfaWQiOjEyMDd9&auto=format&fit=crop&w=1350&q=80",
        "https://images.unsplash.com/photo-1542718610-a1d656d1884c?ixlib=rb-1.2.1&ixid=eyJhcHBfaWQiOjEyMDd9&auto=format&fit=crop&w=1950&q=80"
    ],
    "host": {
        "name": "Megan",
        "image": "https://images.unsplash.com/photo-1487412720507-e7ab37603c6f?ixlib=rb-1.2.1&ixid=eyJhcHBfaWQiOjEyMDd9&auto=format&fit=crop&w=1351&q=80",
        "note": "Hi my name is Megan. My husband Doug and I live on an old dairy farm just outside of town. We have 5 children. Four of them are in college.\nThe fifth is in 8th grade. We are excited about getting a chance to travel.  I work for a Caterpillar Company called Solar Turbines here in Vail.\nI love to meditate, fence, and snow shoe.  Boy, this is a whole lot of filler text, my fingers are getting tired.  Anyway, I hope your stay with us is a pleasant one.  We strive to provide top notch service as a budget prices.",
        "reviewCount": 5,
        "reviewValue": 4.67,
        "joined": "2020-10-31T01:26:49+0000"
    },
    "_geoloc": {
        "lat": 39.605247,
        "lng": -106.357022
      }
},
{ 
    "objectID":"c",
    "type": "CABIN",
    "title": "Serene Cottage With Eagle Eye Views",    
    "description":"Need to get away?  Then this is the cabin for you!  Nestled in a large forest right inside Vail, this spacious rustic abode offers amazing views of wildlife and nature through over 20 windows.\nIt's a great place for hiking, mountain biking, and bird watching.  In the winter, warm up in front of the wood burning fireplace with some hot chocolate from the nearby market.\nIt's the perfect spot to relax.  You can shop the local markets, take a dip in the hot tub or even wrestle a bear out back.  Whatever your pleasure, you're sure to find peace and quiet in the mountains of Vail",
    "note": "In winter it gets below -40 Fahrenheit, bring a parka.  Chains on tires are highly recommended.",
    "reviewCount": 186,
    "reviewValue": 4.71,
    "features":[
        "Smoke Alarm",
        "Stove",
        "Wifi",
        "Toiletries",
        "Self Check-In",
        "Free Parking",
        "Washer",
        "Dryer",
        "TV",
        "Kitchen"        
    ],
    "pricePerNight": 189,    
    "location": {        
        "address": "12 Vail Rd",        
        "city": "Vail",
        "state": "Colorado",
        "country": "USA"
    },    
    "guests": 2,
    "bedrooms": 1,
    "beds": 1,
    "bathrooms": 1,
    "images": [
        "https://images.unsplash.com/photo-1484301548518-d0e0a5db0fc8?ixlib=rb-1.2.1&ixid=eyJhcHBfaWQiOjEyMDd9&auto=format&fit=crop&w=1350&q=80",
        "https://images.unsplash.com/photo-1542718610-a1d656d1884c?ixlib=rb-1.2.1&ixid=eyJhcHBfaWQiOjEyMDd9&auto=format&fit=crop&w=1950&q=80",
        "https://images.unsplash.com/photo-1514774849407-0bef2676db20?ixlib=rb-1.2.1&ixid=eyJhcHBfaWQiOjEyMDd9&auto=format&fit=crop&w=1267&q=80",
        "https://images.unsplash.com/photo-1501685532562-aa6846b14a0e?ixlib=rb-1.2.1&ixid=eyJhcHBfaWQiOjEyMDd9&auto=format&fit=crop&w=1350&q=80",
        "https://images.unsplash.com/photo-1585803114088-cd027272106a?ixlib=rb-1.2.1&ixid=eyJhcHBfaWQiOjEyMDd9&auto=format&fit=crop&w=1350&q=80"
    ],
    "host": {
        "name": "Megan",
        "image": "https://images.unsplash.com/photo-1487412720507-e7ab37603c6f?ixlib=rb-1.2.1&ixid=eyJhcHBfaWQiOjEyMDd9&auto=format&fit=crop&w=1351&q=80",
        "note": "Hi my name is Megan. My husband Doug and I live on an old dairy farm just outside of town. We have 5 children. Four of them are in college.\nThe fifth is in 8th grade. We are excited about getting a chance to travel.  I work for a Caterpillar Company called Solar Turbines here in Vail.\nI love to meditate, fence, and snow shoe.  Boy, this is a whole lot of filler text, my fingers are getting tired.  Anyway, I hope your stay with us is a pleasant one.  We strive to provide top notch service as a budget prices.",
        "reviewCount": 7,
        "reviewValue": 4.11,
        "joined": "2020-10-31T01:26:49+0000"
    },
    "_geoloc": {
        "lat":  39.605354,
        "lng":  -106.356443
      }
},
{ 
    "objectID":"d",
    "type": "CABIN",
    "title": "Cute Ski Chalet With Private Lift",    
    "description":"Need to get away?  Then this is the cabin for you!  Nestled in a large forest right inside Vail, this spacious rustic abode offers amazing views of wildlife and nature through over 20 windows.\nIt's a great place for hiking, mountain biking, and bird watching.  In the winter, warm up in front of the wood burning fireplace with some hot chocolate from the nearby market.\nIt's the perfect spot to relax.  You can shop the local markets, take a dip in the hot tub or even wrestle a bear out back.  Whatever your pleasure, you're sure to find peace and quiet in the mountains of Vail",
    "note": "In winter it gets below -40 Fahrenheit, bring a parka.  Chains on tires are highly recommended.",
    "reviewCount": 213,
    "reviewValue": 4.13,
    "features":[
        "Coffee Maker",
        "Smoke Alarm",
        "Stove",
        "Wifi",
        "Toiletries",
        "Self Check-In",
        "Free Parking",
        "Washer",
        "Dryer",
        "TV",
        "Kitchen"        
    ],
    "pricePerNight": 175,    
    "location": {        
        "address": "302 Hanson Ranch Rd",        
        "city": "Vail",
        "state": "Colorado",
        "country": "USA"
    },    
    "guests": 5,
    "bedrooms": 2,
    "beds": 4,
    "bathrooms": 2,
    "images": [
        "https://images.unsplash.com/photo-1501685532562-aa6846b14a0e?ixlib=rb-1.2.1&ixid=eyJhcHBfaWQiOjEyMDd9&auto=format&fit=crop&w=1350&q=80",
        "https://images.unsplash.com/photo-1542718610-a1d656d1884c?ixlib=rb-1.2.1&ixid=eyJhcHBfaWQiOjEyMDd9&auto=format&fit=crop&w=1950&q=80",
        "https://images.unsplash.com/photo-1514774849407-0bef2676db20?ixlib=rb-1.2.1&ixid=eyJhcHBfaWQiOjEyMDd9&auto=format&fit=crop&w=1267&q=80",
        "https://images.unsplash.com/photo-1484301548518-d0e0a5db0fc8?ixlib=rb-1.2.1&ixid=eyJhcHBfaWQiOjEyMDd9&auto=format&fit=crop&w=1350&q=80",
        "https://images.unsplash.com/photo-1585803114088-cd027272106a?ixlib=rb-1.2.1&ixid=eyJhcHBfaWQiOjEyMDd9&auto=format&fit=crop&w=1350&q=80"
    ],
    "host": {
        "name": "Megan",
        "image": "https://images.unsplash.com/photo-1487412720507-e7ab37603c6f?ixlib=rb-1.2.1&ixid=eyJhcHBfaWQiOjEyMDd9&auto=format&fit=crop&w=1351&q=80",
        "note": "Hi my name is Megan. My husband Doug and I live on an old dairy farm just outside of town. We have 5 children. Four of them are in college.\nThe fifth is in 8th grade. We are excited about getting a chance to travel.  I work for a Caterpillar Company called Solar Turbines here in Vail.\nI love to meditate, fence, and snow shoe.  Boy, this is a whole lot of filler text, my fingers are getting tired.  Anyway, I hope your stay with us is a pleasant one.  We strive to provide top notch service as a budget prices.",
        "reviewCount": 2,
        "reviewValue": 4.98,
        "joined": "2020-10-31T01:26:49+0000"
    },
    "_geoloc": {
        "lat":  39.604434,
        "lng": -106.356094
      }
}

]